<?xml version="1.0"?>
<entries><entry><device_time>2025-04-27 17:07:38</device_time><server_time>2025-04-27 17:07:38</server_time><light>45.046875</light><power>24.984375</power><collision>Normal</collision><threshold>50</threshold></entry><entry><device_time>2025-04-27 17:07:53</device_time><server_time>2025-04-27 17:07:53</server_time><light>45.3984375</light><power>25.0</power><collision>Collision</collision><threshold>50</threshold></entry><entry><device_time>2025-04-27 17:08:10</device_time><server_time>2025-04-27 17:08:10</server_time><light>44.75390625</light><power>24.96875</power><collision>Normal</collision><threshold>50</threshold></entry><entry><device_time>2025-04-27 17:08:10</device_time><server_time>2025-04-27 17:08:10</server_time><light>44.75390625</light><power>24.96875</power><collision>Normal</collision><threshold>50</threshold></entry><entry><device_time>2025-04-27 17:08:12</device_time><server_time>2025-04-27 17:08:12</server_time><light>45.046875</light><power>24.953125</power><collision>Normal</collision><threshold>50</threshold></entry><entry><device_time>2025-04-27 17:08:22</device_time><server_time>2025-04-27 17:08:22</server_time><light>45.16015625</light><power>25.0</power><collision>Normal</collision><threshold>50</threshold></entry><entry><device_time>2025-04-27 17:08:25</device_time><server_time>2025-04-27 17:08:25</server_time><light>45.078125</light><power>25.0</power><collision>Normal</collision><threshold>50</threshold></entry><entry><device_time>2025-04-27 17:08:40</device_time><server_time>2025-04-27 17:08:40</server_time><light>45.25390625</light><power>25.015625</power><collision>Normal</collision><threshold>50</threshold></entry><entry><device_time>2025-04-27 17:08:55</device_time><server_time>2025-04-27 17:08:55</server_time><light>45.12109375</light><power>25.0</power><collision>Normal</collision><threshold>50</threshold></entry><entry><device_time>2025-04-27 17:09:10</device_time><server_time>2025-04-27 17:09:10</server_time><light>44.9140625</light><power>25.015625</power><collision>Normal</collision><threshold>50</threshold></entry><entry><device_time>2025-04-27 17:09:25</device_time><server_time>2025-04-27 17:09:25</server_time><light>45.13671875</light><power>25.0</power><collision>Normal</collision><threshold>50</threshold></entry><entry><device_time>2025-04-27 17:09:40</device_time><server_time>2025-04-27 17:09:40</server_time><light>45.0625</light><power>25.0</power><collision>Normal</collision><threshold>50</threshold></entry><entry><device_time>2025-04-27 17:09:55</device_time><server_time>2025-04-27 17:09:55</server_time><light>45.45703125</light><power>25.015625</power><collision>Normal</collision><threshold>50</threshold></entry><entry><device_time>2025-04-27 17:10:22</device_time><server_time>2025-04-27 17:10:22</server_time><light>45.66015625</light><power>25.0</power><collision>Normal</collision><threshold>50</threshold></entry><entry><device_time>2025-04-27 17:10:24</device_time><server_time>2025-04-27 17:10:24</server_time><light>45.5078125</light><power>25.0</power><collision>Normal</collision><threshold>50</threshold></entry><entry><device_time>2025-04-27 17:10:29</device_time><server_time>2025-04-27 17:10:29</server_time><light>44.7734375</light><power>24.984375</power><collision>Normal</collision><threshold>51</threshold></entry><entry><device_time>2025-04-27 17:10:39</device_time><server_time>2025-04-27 17:10:39</server_time><light>44.6640625</light><power>21.96875</power><collision>Normal</collision><threshold>51</threshold></entry><entry><device_time>2025-04-27 17:10:54</device_time><server_time>2025-04-27 17:10:54</server_time><light>37.23046875</light><power>41.90625</power><collision>Collision</collision><threshold>51</threshold></entry><entry><device_time>2025-04-27 17:11:09</device_time><server_time>2025-04-27 17:11:09</server_time><light>37.61328125</light><power>41.90625</power><collision>Normal</collision><threshold>51</threshold></entry><entry><device_time>2025-04-27 17:16:02</device_time><server_time>2025-04-27 17:16:02</server_time><light>37.1796875</light><power>13.421875</power><collision>Normal</collision><threshold>50</threshold></entry><entry><device_time>2025-04-27 17:16:17</device_time><server_time>2025-04-27 17:16:17</server_time><light>37.2578125</light><power>13.359375</power><collision>Normal</collision><threshold>50</threshold></entry><entry><device_time>2025-04-27 17:16:32</device_time><server_time>2025-04-27 17:16:32</server_time><light>11.484375</light><power>67.609375</power><collision>Normal</collision><threshold>50</threshold></entry><entry><device_time>2025-04-27 17:16:47</device_time><server_time>2025-04-27 17:16:47</server_time><light>47.72265625</light><power>35.921875</power><collision>Normal</collision><threshold>50</threshold></entry><entry><device_time>2025-04-27 17:17:02</device_time><server_time>2025-04-27 17:17:02</server_time><light>47.54296875</light><power>35.875</power><collision>Normal</collision><threshold>50</threshold></entry><entry><device_time>2025-04-27 17:17:17</device_time><server_time>2025-04-27 17:17:17</server_time><light>47.890625</light><power>35.90625</power><collision>Normal</collision><threshold>50</threshold></entry><entry><device_time>2025-04-27 17:17:32</device_time><server_time>2025-04-27 17:17:32</server_time><light>47.4453125</light><power>35.90625</power><collision>Normal</collision><threshold>50</threshold></entry><entry><device_time>2025-04-27 17:17:47</device_time><server_time>2025-04-27 17:17:47</server_time><light>47.88671875</light><power>35.90625</power><collision>Normal</collision><threshold>50</threshold></entry><entry><device_time>2025-04-27 17:18:02</device_time><server_time>2025-04-27 17:18:02</server_time><light>47.8359375</light><power>35.90625</power><collision>Normal</collision><threshold>50</threshold></entry><entry><device_time>2025-04-27 17:18:17</device_time><server_time>2025-04-27 17:18:17</server_time><light>47.85546875</light><power>35.890625</power><collision>Normal</collision><threshold>50</threshold></entry><entry><device_time>2025-04-27 17:18:32</device_time><server_time>2025-04-27 17:18:32</server_time><light>47.5</light><power>35.921875</power><collision>Normal</collision><threshold>50</threshold></entry><entry><device_time>2025-04-27 17:18:47</device_time><server_time>2025-04-27 17:18:47</server_time><light>47.6640625</light><power>35.90625</power><collision>Normal</collision><threshold>50</threshold></entry><entry><device_time>2025-04-27 17:19:02</device_time><server_time>2025-04-27 17:19:02</server_time><light>47.83203125</light><power>35.890625</power><collision>Normal</collision><threshold>50</threshold></entry><entry><device_time>2025-04-27 17:19:17</device_time><server_time>2025-04-27 17:19:17</server_time><light>47.59375</light><power>35.921875</power><collision>Normal</collision><threshold>50</threshold></entry><entry><device_time>2025-04-27 17:19:32</device_time><server_time>2025-04-27 17:19:32</server_time><light>47.74609375</light><power>35.890625</power><collision>Normal</collision><threshold>50</threshold></entry><entry><device_time>2025-04-27 17:19:47</device_time><server_time>2025-04-27 17:19:47</server_time><light>47.4140625</light><power>35.90625</power><collision>Normal</collision><threshold>50</threshold></entry><entry><device_time>2025-04-27 17:20:03</device_time><server_time>2025-04-27 17:20:03</server_time><light>47.75</light><power>35.84375</power><collision>Normal</collision><threshold>50</threshold></entry><entry><device_time>2025-04-27 17:20:18</device_time><server_time>2025-04-27 17:20:18</server_time><light>47.875</light><power>35.875</power><collision>Normal</collision><threshold>50</threshold></entry><entry><device_time>2025-04-27 17:20:33</device_time><server_time>2025-04-27 17:20:33</server_time><light>47.59375</light><power>35.875</power><collision>Normal</collision><threshold>50</threshold></entry><entry><device_time>2025-04-27 17:20:48</device_time><server_time>2025-04-27 17:20:48</server_time><light>47.75</light><power>35.90625</power><collision>Normal</collision><threshold>50</threshold></entry><entry><device_time>2025-04-27 17:21:03</device_time><server_time>2025-04-27 17:21:03</server_time><light>47.4609375</light><power>35.890625</power><collision>Normal</collision><threshold>50</threshold></entry><entry><device_time>2025-04-27 17:21:18</device_time><server_time>2025-04-27 17:21:18</server_time><light>47.56640625</light><power>35.875</power><collision>Normal</collision><threshold>50</threshold></entry><entry><device_time>2025-04-27 17:21:33</device_time><server_time>2025-04-27 17:21:33</server_time><light>47.4921875</light><power>35.875</power><collision>Normal</collision><threshold>50</threshold></entry><entry><device_time>2025-04-27 17:21:48</device_time><server_time>2025-04-27 17:21:48</server_time><light>47.82421875</light><power>35.859375</power><collision>Normal</collision><threshold>50</threshold></entry><entry><device_time>2025-04-27 17:22:03</device_time><server_time>2025-04-27 17:22:03</server_time><light>47.91796875</light><power>35.890625</power><collision>Normal</collision><threshold>50</threshold></entry><entry><device_time>2025-04-27 17:22:18</device_time><server_time>2025-04-27 17:22:18</server_time><light>47.39453125</light><power>35.890625</power><collision>Normal</collision><threshold>50</threshold></entry><entry><device_time>2025-04-27 17:22:33</device_time><server_time>2025-04-27 17:22:33</server_time><light>47.5</light><power>35.890625</power><collision>Normal</collision><threshold>50</threshold></entry><entry><device_time>2025-04-27 17:22:48</device_time><server_time>2025-04-27 17:22:48</server_time><light>47.4453125</light><power>35.9375</power><collision>Normal</collision><threshold>50</threshold></entry><entry><device_time>2025-04-27 17:23:03</device_time><server_time>2025-04-27 17:23:03</server_time><light>47.62109375</light><power>35.9375</power><collision>Normal</collision><threshold>50</threshold></entry><entry><device_time>2025-04-27 17:23:18</device_time><server_time>2025-04-27 17:23:18</server_time><light>47.5625</light><power>35.90625</power><collision>Normal</collision><threshold>50</threshold></entry><entry><device_time>2025-04-27 17:23:33</device_time><server_time>2025-04-27 17:23:33</server_time><light>47.33984375</light><power>35.890625</power><collision>Normal</collision><threshold>50</threshold></entry><entry><device_time>2025-04-27 17:23:48</device_time><server_time>2025-04-27 17:23:48</server_time><light>47.88671875</light><power>35.890625</power><collision>Normal</collision><threshold>50</threshold></entry><entry><device_time>2025-04-27 17:24:03</device_time><server_time>2025-04-27 17:24:03</server_time><light>47.30078125</light><power>35.875</power><collision>Normal</collision><threshold>50</threshold></entry><entry><device_time>2025-04-27 17:24:18</device_time><server_time>2025-04-27 17:24:18</server_time><light>47.4453125</light><power>35.890625</power><collision>Normal</collision><threshold>50</threshold></entry><entry><device_time>2025-04-27 17:25:31</device_time><server_time>2025-04-27 17:25:31</server_time><light>47.9375</light><power>35.90625</power><collision>Normal</collision><threshold>50</threshold></entry><entry><device_time>2025-04-27 17:25:46</device_time><server_time>2025-04-27 17:25:46</server_time><light>47.4609375</light><power>103.453125</power><collision>Normal</collision><threshold>50</threshold></entry><entry><device_time>2025-04-27 17:26:01</device_time><server_time>2025-04-27 17:26:01</server_time><light>47.953125</light><power>-17.3125</power><collision>Normal</collision><threshold>50</threshold></entry><entry><device_time>2025-04-27 17:26:16</device_time><server_time>2025-04-27 17:26:16</server_time><light>47.5859375</light><power>39.0625</power><collision>Normal</collision><threshold>50</threshold></entry><entry><device_time>2025-04-27 17:26:31</device_time><server_time>2025-04-27 17:26:31</server_time><light>47.5390625</light><power>39.109375</power><collision>Normal</collision><threshold>50</threshold></entry><entry><device_time>2025-04-27 17:27:33</device_time><server_time>2025-04-27 17:27:33</server_time><light>47.78125</light><power>102.75</power><collision>Normal</collision><threshold>50</threshold></entry><entry><device_time>2025-04-27 17:27:48</device_time><server_time>2025-04-27 17:27:48</server_time><light>47.8046875</light><power>102.765625</power><collision>Normal</collision><threshold>50</threshold></entry><entry><device_time>2025-04-27 17:28:03</device_time><server_time>2025-04-27 17:28:03</server_time><light>47.59375</light><power>102.734375</power><collision>Normal</collision><threshold>50</threshold></entry><entry><device_time>2025-04-27 17:28:18</device_time><server_time>2025-04-27 17:28:18</server_time><light>47.9453125</light><power>102.8125</power><collision>Normal</collision><threshold>50</threshold></entry><entry><device_time>2025-04-27 17:28:33</device_time><server_time>2025-04-27 17:28:34</server_time><light>47.55859375</light><power>30.890625</power><collision>Normal</collision><threshold>50</threshold></entry><entry><device_time>2025-04-27 17:28:49</device_time><server_time>2025-04-27 17:28:49</server_time><light>47.5</light><power>30.90625</power><collision>Normal</collision><threshold>50</threshold></entry><entry><device_time>2025-04-27 17:29:04</device_time><server_time>2025-04-27 17:29:04</server_time><light>47.62109375</light><power>-29.96875</power><collision>Normal</collision><threshold>50</threshold></entry><entry><device_time>2025-04-27 17:29:19</device_time><server_time>2025-04-27 17:29:19</server_time><light>47.7265625</light><power>-30.046875</power><collision>Normal</collision><threshold>50</threshold></entry><entry><device_time>2025-04-27 17:29:34</device_time><server_time>2025-04-27 17:29:34</server_time><light>47.921875</light><power>33.6875</power><collision>Normal</collision><threshold>50</threshold></entry><entry><device_time>2025-04-27 17:29:49</device_time><server_time>2025-04-27 17:29:49</server_time><light>70.3671875</light><power>33.703125</power><collision>Normal</collision><threshold>50</threshold></entry><entry><device_time>2025-04-27 17:30:04</device_time><server_time>2025-04-27 17:30:04</server_time><light>69.9375</light><power>33.6875</power><collision>Normal</collision><threshold>50</threshold></entry><entry><device_time>2025-04-27 17:30:19</device_time><server_time>2025-04-27 17:30:19</server_time><light>70.34375</light><power>33.65625</power><collision>Normal</collision><threshold>50</threshold></entry><entry><device_time>2025-04-27 17:30:34</device_time><server_time>2025-04-27 17:30:34</server_time><light>38.51953125</light><power>33.703125</power><collision>Normal</collision><threshold>50</threshold></entry><entry><device_time>2025-04-27 17:30:49</device_time><server_time>2025-04-27 17:30:49</server_time><light>38.1328125</light><power>33.6875</power><collision>Normal</collision><threshold>50</threshold></entry><entry><device_time>2025-04-27 17:31:04</device_time><server_time>2025-04-27 17:31:04</server_time><light>38.42578125</light><power>33.71875</power><collision>Normal</collision><threshold>50</threshold></entry><entry><device_time>2025-04-27 17:31:19</device_time><server_time>2025-04-27 17:31:19</server_time><light>37.59765625</light><power>33.703125</power><collision>Normal</collision><threshold>50</threshold></entry><entry><device_time>2025-04-27 17:31:34</device_time><server_time>2025-04-27 17:31:34</server_time><light>37.90234375</light><power>33.734375</power><collision>Normal</collision><threshold>50</threshold></entry><entry><device_time>2025-04-27 17:31:45</device_time><server_time>2025-04-27 17:31:45</server_time><light>37.9921875</light><power>33.6875</power><collision>Normal</collision><threshold>50</threshold></entry><entry><device_time>2025-04-27 17:31:49</device_time><server_time>2025-04-27 17:31:49</server_time><light>66.68359375</light><power>33.6875</power><collision>Normal</collision><threshold>50</threshold></entry><entry><device_time>2025-04-27 17:32:04</device_time><server_time>2025-04-27 17:32:04</server_time><light>38.625</light><power>33.65625</power><collision>Collision</collision><threshold>50</threshold></entry><entry><device_time>2025-04-27 17:32:20</device_time><server_time>2025-04-27 17:32:20</server_time><light>39.14453125</light><power>33.671875</power><collision>Collision</collision><threshold>50</threshold></entry><entry><device_time>2025-04-27 17:32:35</device_time><server_time>2025-04-27 17:32:35</server_time><light>38.328125</light><power>33.734375</power><collision>Normal</collision><threshold>50</threshold></entry><entry><device_time>2025-04-27 17:32:50</device_time><server_time>2025-04-27 17:32:50</server_time><light>38.61328125</light><power>33.703125</power><collision>Collision</collision><threshold>50</threshold></entry><entry><device_time>2025-04-27 17:32:58</device_time><server_time>2025-04-27 17:32:58</server_time><light>38.421875</light><power>33.671875</power><collision>Normal</collision><threshold>50</threshold></entry><entry><device_time>2025-04-27 17:34:25</device_time><server_time>2025-04-27 17:34:25</server_time><light>38.77734375</light><power>33.109375</power><collision>Normal</collision><threshold>13</threshold></entry><entry><device_time>2025-04-27 17:34:25</device_time><server_time>2025-04-27 17:34:25</server_time><light>38.375</light><power>33.671875</power><collision>Normal</collision><threshold>13</threshold></entry><entry><device_time>2025-04-27 17:34:25</device_time><server_time>2025-04-27 17:34:25</server_time><light>38.77734375</light><power>33.109375</power><collision>Normal</collision><threshold>13</threshold></entry><entry><device_time>2025-04-27 17:34:40</device_time><server_time>2025-04-27 17:34:40</server_time><light>38.51953125</light><power>33.109375</power><collision>Collision</collision><threshold>13</threshold></entry><entry><device_time>2025-04-27 17:35:03</device_time><server_time>2025-04-27 17:35:03</server_time><light>4.13671875</light><power>33.09375</power><collision>Normal</collision><threshold>14</threshold></entry><entry><device_time>2025-04-27 17:35:03</device_time><server_time>2025-04-27 17:35:03</server_time><light>4.13671875</light><power>33.09375</power><collision>Normal</collision><threshold>14</threshold></entry><entry><device_time>2025-04-27 17:35:20</device_time><server_time>2025-04-27 17:35:20</server_time><light>23.59375</light><power>33.078125</power><collision>Normal</collision><threshold>14</threshold></entry><entry><device_time>2025-04-27 17:35:20</device_time><server_time>2025-04-27 17:35:20</server_time><light>23.59375</light><power>33.078125</power><collision>Normal</collision><threshold>14</threshold></entry><entry><device_time>2025-04-27 17:35:35</device_time><server_time>2025-04-27 17:35:35</server_time><light>0.83203125</light><power>33.078125</power><collision>Normal</collision><threshold>14</threshold></entry><entry><device_time>2025-04-27 17:35:50</device_time><server_time>2025-04-27 17:35:50</server_time><light>1.2109375</light><power>33.09375</power><collision>Normal</collision><threshold>14</threshold></entry><entry><device_time>2025-04-27 17:36:05</device_time><server_time>2025-04-27 17:36:05</server_time><light>1.06640625</light><power>33.078125</power><collision>Normal</collision><threshold>14</threshold></entry><entry><device_time>2025-04-27 17:36:20</device_time><server_time>2025-04-27 17:36:20</server_time><light>1.50390625</light><power>33.09375</power><collision>Normal</collision><threshold>14</threshold></entry><entry><device_time>2025-04-27 17:36:35</device_time><server_time>2025-04-27 17:36:35</server_time><light>0.88671875</light><power>33.09375</power><collision>Normal</collision><threshold>14</threshold></entry><entry><device_time>2025-04-27 17:36:50</device_time><server_time>2025-04-27 17:36:50</server_time><light>1.078125</light><power>33.078125</power><collision>Normal</collision><threshold>14</threshold></entry><entry><device_time>2025-04-27 17:37:05</device_time><server_time>2025-04-27 17:37:05</server_time><light>0.6328125</light><power>33.0625</power><collision>Normal</collision><threshold>14</threshold></entry><entry><device_time>2025-04-27 17:37:20</device_time><server_time>2025-04-27 17:37:20</server_time><light>1.56640625</light><power>33.046875</power><collision>Normal</collision><threshold>14</threshold></entry><entry><device_time>2025-04-27 17:37:35</device_time><server_time>2025-04-27 17:37:35</server_time><light>1.15625</light><power>33.09375</power><collision>Normal</collision><threshold>14</threshold></entry><entry><device_time>2025-04-27 17:37:50</device_time><server_time>2025-04-27 17:37:50</server_time><light>0.609375</light><power>33.09375</power><collision>Normal</collision><threshold>14</threshold></entry><entry><device_time>2025-04-27 17:38:05</device_time><server_time>2025-04-27 17:38:05</server_time><light>1.109375</light><power>33.109375</power><collision>Normal</collision><threshold>14</threshold></entry><entry><device_time>2025-04-27 17:38:20</device_time><server_time>2025-04-27 17:38:20</server_time><light>1.05078125</light><power>33.0625</power><collision>Normal</collision><threshold>14</threshold></entry><entry><device_time>2025-04-27 17:38:35</device_time><server_time>2025-04-27 17:38:35</server_time><light>1.4765625</light><power>33.0625</power><collision>Normal</collision><threshold>14</threshold></entry><entry><device_time>2025-04-27 17:38:50</device_time><server_time>2025-04-27 17:38:50</server_time><light>0.78125</light><power>33.09375</power><collision>Normal</collision><threshold>14</threshold></entry><entry><device_time>2025-04-27 17:39:05</device_time><server_time>2025-04-27 17:39:05</server_time><light>1.3203125</light><power>33.09375</power><collision>Normal</collision><threshold>14</threshold></entry><entry><device_time>2025-04-27 17:39:20</device_time><server_time>2025-04-27 17:39:20</server_time><light>1.3046875</light><power>33.0625</power><collision>Normal</collision><threshold>14</threshold></entry><entry><device_time>2025-04-27 17:39:35</device_time><server_time>2025-04-27 17:39:35</server_time><light>1.22265625</light><power>33.0625</power><collision>Normal</collision><threshold>14</threshold></entry><entry><device_time>2025-04-27 17:39:50</device_time><server_time>2025-04-27 17:39:50</server_time><light>1.0546875</light><power>33.09375</power><collision>Normal</collision><threshold>14</threshold></entry><entry><device_time>2025-04-27 17:40:05</device_time><server_time>2025-04-27 17:40:05</server_time><light>0.57421875</light><power>33.109375</power><collision>Normal</collision><threshold>14</threshold></entry><entry><device_time>2025-04-27 17:40:21</device_time><server_time>2025-04-27 17:40:21</server_time><light>1.4140625</light><power>33.078125</power><collision>Normal</collision><threshold>14</threshold></entry><entry><device_time>2025-04-27 17:40:36</device_time><server_time>2025-04-27 17:40:36</server_time><light>1.58984375</light><power>33.078125</power><collision>Normal</collision><threshold>14</threshold></entry><entry><device_time>2025-04-27 17:40:51</device_time><server_time>2025-04-27 17:40:51</server_time><light>1.13671875</light><power>33.09375</power><collision>Normal</collision><threshold>14</threshold></entry><entry><device_time>2025-04-27 17:41:06</device_time><server_time>2025-04-27 17:41:06</server_time><light>0.93359375</light><power>33.125</power><collision>Normal</collision><threshold>14</threshold></entry><entry><device_time>2025-04-27 17:41:21</device_time><server_time>2025-04-27 17:41:21</server_time><light>1.42578125</light><power>33.078125</power><collision>Normal</collision><threshold>14</threshold></entry><entry><device_time>2025-04-27 17:41:36</device_time><server_time>2025-04-27 17:41:36</server_time><light>1.07421875</light><power>33.078125</power><collision>Normal</collision><threshold>14</threshold></entry><entry><device_time>2025-04-27 17:41:51</device_time><server_time>2025-04-27 17:41:51</server_time><light>0.74609375</light><power>33.125</power><collision>Normal</collision><threshold>14</threshold></entry><entry><device_time>2025-04-27 17:42:06</device_time><server_time>2025-04-27 17:42:06</server_time><light>0.96484375</light><power>33.078125</power><collision>Normal</collision><threshold>14</threshold></entry><entry><device_time>2025-04-27 17:42:21</device_time><server_time>2025-04-27 17:42:21</server_time><light>0.79296875</light><power>33.109375</power><collision>Normal</collision><threshold>14</threshold></entry><entry><device_time>2025-04-27 17:42:36</device_time><server_time>2025-04-27 17:42:36</server_time><light>0.84375</light><power>33.078125</power><collision>Normal</collision><threshold>14</threshold></entry><entry><device_time>2025-04-27 17:42:51</device_time><server_time>2025-04-27 17:42:51</server_time><light>0.765625</light><power>33.0625</power><collision>Normal</collision><threshold>14</threshold></entry><entry><device_time>2025-04-27 17:43:06</device_time><server_time>2025-04-27 17:43:06</server_time><light>1.2890625</light><power>33.046875</power><collision>Normal</collision><threshold>14</threshold></entry><entry><device_time>2025-04-27 17:43:21</device_time><server_time>2025-04-27 17:43:21</server_time><light>1.4140625</light><power>33.109375</power><collision>Normal</collision><threshold>14</threshold></entry><entry><device_time>2025-04-27 17:43:36</device_time><server_time>2025-04-27 17:43:36</server_time><light>1.27734375</light><power>33.078125</power><collision>Normal</collision><threshold>14</threshold></entry><entry><device_time>2025-04-27 17:43:51</device_time><server_time>2025-04-27 17:43:51</server_time><light>1.23046875</light><power>33.109375</power><collision>Normal</collision><threshold>14</threshold></entry><entry><device_time>2025-04-27 17:44:06</device_time><server_time>2025-04-27 17:44:06</server_time><light>0.66796875</light><power>33.078125</power><collision>Normal</collision><threshold>14</threshold></entry><entry><device_time>2025-04-27 17:44:21</device_time><server_time>2025-04-27 17:44:21</server_time><light>1.62890625</light><power>33.109375</power><collision>Normal</collision><threshold>14</threshold></entry><entry><device_time>2025-04-27 17:44:36</device_time><server_time>2025-04-27 17:44:36</server_time><light>1.0234375</light><power>33.109375</power><collision>Normal</collision><threshold>14</threshold></entry><entry><device_time>2025-04-27 17:44:51</device_time><server_time>2025-04-27 17:44:51</server_time><light>1.47265625</light><power>33.0625</power><collision>Normal</collision><threshold>14</threshold></entry><entry><device_time>2025-04-27 17:45:06</device_time><server_time>2025-04-27 17:45:06</server_time><light>0.68359375</light><power>33.109375</power><collision>Normal</collision><threshold>14</threshold></entry><entry><device_time>2025-04-27 17:45:21</device_time><server_time>2025-04-27 17:45:21</server_time><light>0.85546875</light><power>33.078125</power><collision>Normal</collision><threshold>14</threshold></entry><entry><device_time>2025-04-27 17:45:36</device_time><server_time>2025-04-27 17:45:36</server_time><light>1.15234375</light><power>33.078125</power><collision>Normal</collision><threshold>14</threshold></entry><entry><device_time>2025-04-27 17:45:51</device_time><server_time>2025-04-27 17:45:51</server_time><light>1.36328125</light><power>33.0625</power><collision>Normal</collision><threshold>14</threshold></entry><entry><device_time>2025-04-27 17:46:06</device_time><server_time>2025-04-27 17:46:06</server_time><light>0.47265625</light><power>33.125</power><collision>Normal</collision><threshold>14</threshold></entry><entry><device_time>2025-04-27 17:46:21</device_time><server_time>2025-04-27 17:46:21</server_time><light>0.90234375</light><power>33.109375</power><collision>Normal</collision><threshold>14</threshold></entry><entry><device_time>2025-04-27 17:46:36</device_time><server_time>2025-04-27 17:46:36</server_time><light>0.9140625</light><power>33.078125</power><collision>Normal</collision><threshold>14</threshold></entry><entry><device_time>2025-04-27 17:46:51</device_time><server_time>2025-04-27 17:46:51</server_time><light>1.171875</light><power>33.09375</power><collision>Normal</collision><threshold>14</threshold></entry><entry><device_time>2025-04-27 17:47:06</device_time><server_time>2025-04-27 17:47:06</server_time><light>1.05078125</light><power>33.078125</power><collision>Normal</collision><threshold>14</threshold></entry><entry><device_time>2025-04-27 17:47:21</device_time><server_time>2025-04-27 17:47:21</server_time><light>1.046875</light><power>33.078125</power><collision>Normal</collision><threshold>14</threshold></entry><entry><device_time>2025-04-27 17:47:36</device_time><server_time>2025-04-27 17:47:36</server_time><light>1.36328125</light><power>33.078125</power><collision>Normal</collision><threshold>14</threshold></entry><entry><device_time>2025-04-27 17:47:51</device_time><server_time>2025-04-27 17:47:51</server_time><light>0.62109375</light><power>33.109375</power><collision>Normal</collision><threshold>14</threshold></entry><entry><device_time>2025-04-27 17:48:06</device_time><server_time>2025-04-27 17:48:06</server_time><light>1.8359375</light><power>33.0625</power><collision>Normal</collision><threshold>14</threshold></entry><entry><device_time>2025-04-27 17:48:21</device_time><server_time>2025-04-27 17:48:21</server_time><light>1.0703125</light><power>33.09375</power><collision>Normal</collision><threshold>14</threshold></entry><entry><device_time>2025-04-27 17:48:36</device_time><server_time>2025-04-27 17:48:36</server_time><light>1.44140625</light><power>33.078125</power><collision>Normal</collision><threshold>14</threshold></entry><entry><device_time>2025-04-27 17:48:51</device_time><server_time>2025-04-27 17:48:51</server_time><light>0.96875</light><power>33.125</power><collision>Normal</collision><threshold>14</threshold></entry><entry><device_time>2025-04-27 17:49:06</device_time><server_time>2025-04-27 17:49:06</server_time><light>1.51953125</light><power>33.078125</power><collision>Normal</collision><threshold>14</threshold></entry><entry><device_time>2025-04-27 17:49:21</device_time><server_time>2025-04-27 17:49:21</server_time><light>0.92578125</light><power>33.09375</power><collision>Normal</collision><threshold>14</threshold></entry><entry><device_time>2025-04-27 17:49:36</device_time><server_time>2025-04-27 17:49:36</server_time><light>1.2734375</light><power>33.109375</power><collision>Normal</collision><threshold>14</threshold></entry><entry><device_time>2025-04-27 17:49:51</device_time><server_time>2025-04-27 17:49:51</server_time><light>1.8828125</light><power>33.109375</power><collision>Normal</collision><threshold>14</threshold></entry><entry><device_time>2025-04-27 17:50:06</device_time><server_time>2025-04-27 17:50:06</server_time><light>1.36328125</light><power>33.109375</power><collision>Normal</collision><threshold>14</threshold></entry><entry><device_time>2025-04-27 17:50:21</device_time><server_time>2025-04-27 17:50:21</server_time><light>0.64453125</light><power>33.109375</power><collision>Normal</collision><threshold>14</threshold></entry><entry><device_time>2025-04-27 17:50:36</device_time><server_time>2025-04-27 17:50:36</server_time><light>0.42578125</light><power>33.09375</power><collision>Normal</collision><threshold>14</threshold></entry><entry><device_time>2025-04-27 17:50:51</device_time><server_time>2025-04-27 17:50:51</server_time><light>1.62109375</light><power>33.046875</power><collision>Normal</collision><threshold>14</threshold></entry><entry><device_time>2025-04-27 17:51:06</device_time><server_time>2025-04-27 17:51:06</server_time><light>1.0703125</light><power>33.078125</power><collision>Normal</collision><threshold>14</threshold></entry><entry><device_time>2025-04-27 17:51:21</device_time><server_time>2025-04-27 17:51:21</server_time><light>1.26953125</light><power>33.0625</power><collision>Normal</collision><threshold>14</threshold></entry><entry><device_time>2025-04-27 17:51:36</device_time><server_time>2025-04-27 17:51:36</server_time><light>1.0703125</light><power>33.109375</power><collision>Normal</collision><threshold>14</threshold></entry><entry><device_time>2025-04-27 17:52:08</device_time><server_time>2025-04-27 17:52:08</server_time><light>44.61328125</light><power>24.96875</power><collision>Normal</collision><threshold>50</threshold></entry><entry><device_time>2025-04-27 17:53:55</device_time><server_time>2025-04-27 17:53:55</server_time><light>44.796875</light><power>25.03125</power><collision>Normal</collision><threshold>50</threshold></entry><entry><device_time>2025-04-27 17:54:10</device_time><server_time>2025-04-27 17:54:10</server_time><light>44.578125</light><power>105.03125</power><collision>Normal</collision><threshold>50</threshold></entry><entry><device_time>2025-04-27 17:54:25</device_time><server_time>2025-04-27 17:54:25</server_time><light>44.53515625</light><power>61.5</power><collision>Normal</collision><threshold>50</threshold></entry><entry><device_time>2025-04-27 17:54:40</device_time><server_time>2025-04-27 17:54:40</server_time><light>44.5</light><power>-29.890625</power><collision>Normal</collision><threshold>50</threshold></entry><entry><device_time>2025-04-27 17:54:55</device_time><server_time>2025-04-27 17:54:55</server_time><light>44.6796875</light><power>29.78125</power><collision>Normal</collision><threshold>50</threshold></entry><entry><device_time>2025-04-27 17:55:10</device_time><server_time>2025-04-27 17:55:10</server_time><light>44.74609375</light><power>29.765625</power><collision>Normal</collision><threshold>50</threshold></entry><entry><device_time>2025-04-27 17:55:25</device_time><server_time>2025-04-27 17:55:25</server_time><light>35.50390625</light><power>29.8125</power><collision>Normal</collision><threshold>50</threshold></entry><entry><device_time>2025-04-27 17:55:40</device_time><server_time>2025-04-27 17:55:40</server_time><light>35.12109375</light><power>29.78125</power><collision>Normal</collision><threshold>50</threshold></entry><entry><device_time>2025-04-27 17:55:55</device_time><server_time>2025-04-27 17:55:55</server_time><light>35.32421875</light><power>29.796875</power><collision>Collision</collision><threshold>50</threshold></entry><entry><device_time>2025-04-27 17:56:11</device_time><server_time>2025-04-27 17:56:11</server_time><light>35.1640625</light><power>29.828125</power><collision>Collision</collision><threshold>50</threshold></entry><entry><device_time>2025-04-27 17:56:23</device_time><server_time>2025-04-27 17:56:23</server_time><light>35.54296875</light><power>29.78125</power><collision>Normal</collision><threshold>50</threshold></entry><entry><device_time>2025-04-27 17:56:26</device_time><server_time>2025-04-27 17:56:26</server_time><light>35.16015625</light><power>29.828125</power><collision>Normal</collision><threshold>50</threshold></entry><entry><device_time>2025-04-27 17:56:57</device_time><server_time>2025-04-27 17:56:57</server_time><light>35.8046875</light><power>29.765625</power><collision>Normal</collision><threshold>55</threshold></entry><entry><device_time>2025-04-27 17:56:57</device_time><server_time>2025-04-27 17:56:57</server_time><light>35.8046875</light><power>29.765625</power><collision>Normal</collision><threshold>55</threshold></entry><entry><device_time>2025-04-27 17:57:12</device_time><server_time>2025-04-27 17:57:12</server_time><light>55.59375</light><power>29.8125</power><collision>Normal</collision><threshold>55</threshold></entry><entry><device_time>2025-04-27 17:57:27</device_time><server_time>2025-04-27 17:57:27</server_time><light>55.42578125</light><power>29.78125</power><collision>Normal</collision><threshold>55</threshold></entry><entry><device_time>2025-04-27 17:57:42</device_time><server_time>2025-04-27 17:57:42</server_time><light>56.05078125</light><power>29.796875</power><collision>Normal</collision><threshold>55</threshold></entry><entry><device_time>2025-04-27 17:57:57</device_time><server_time>2025-04-27 17:57:57</server_time><light>55.23828125</light><power>29.796875</power><collision>Normal</collision><threshold>55</threshold></entry><entry><device_time>2025-04-27 17:58:12</device_time><server_time>2025-04-27 17:58:12</server_time><light>55.47265625</light><power>29.796875</power><collision>Normal</collision><threshold>55</threshold></entry><entry><device_time>2025-04-27 17:58:27</device_time><server_time>2025-04-27 17:58:27</server_time><light>55.2578125</light><power>29.796875</power><collision>Normal</collision><threshold>55</threshold></entry><entry><device_time>2025-04-27 17:58:42</device_time><server_time>2025-04-27 17:58:42</server_time><light>55.79296875</light><power>29.8125</power><collision>Normal</collision><threshold>55</threshold></entry><entry><device_time>2025-04-27 17:58:57</device_time><server_time>2025-04-27 17:58:57</server_time><light>55.76171875</light><power>29.8125</power><collision>Normal</collision><threshold>55</threshold></entry><entry><device_time>2025-04-27 17:59:12</device_time><server_time>2025-04-27 17:59:12</server_time><light>55.546875</light><power>29.78125</power><collision>Normal</collision><threshold>55</threshold></entry><entry><device_time>2025-04-27 17:59:27</device_time><server_time>2025-04-27 17:59:27</server_time><light>55.48828125</light><power>29.796875</power><collision>Normal</collision><threshold>55</threshold></entry><entry><device_time>2025-04-27 17:59:42</device_time><server_time>2025-04-27 17:59:42</server_time><light>55.34765625</light><power>29.796875</power><collision>Normal</collision><threshold>55</threshold></entry><entry><device_time>2025-04-27 17:59:57</device_time><server_time>2025-04-27 17:59:57</server_time><light>55.49609375</light><power>29.8125</power><collision>Normal</collision><threshold>55</threshold></entry><entry><device_time>2025-04-27 18:00:12</device_time><server_time>2025-04-27 18:00:12</server_time><light>55.8828125</light><power>29.765625</power><collision>Normal</collision><threshold>55</threshold></entry><entry><device_time>2025-04-27 18:00:27</device_time><server_time>2025-04-27 18:00:27</server_time><light>55.34765625</light><power>29.8125</power><collision>Normal</collision><threshold>55</threshold></entry><entry><device_time>2025-04-27 18:00:42</device_time><server_time>2025-04-27 18:00:42</server_time><light>55.453125</light><power>29.78125</power><collision>Normal</collision><threshold>55</threshold></entry><entry><device_time>2025-04-27 18:00:57</device_time><server_time>2025-04-27 18:00:57</server_time><light>55.7265625</light><power>29.8125</power><collision>Normal</collision><threshold>55</threshold></entry><entry><device_time>2025-04-27 18:01:12</device_time><server_time>2025-04-27 18:01:12</server_time><light>55.75</light><power>29.8125</power><collision>Normal</collision><threshold>55</threshold></entry></entries>
