<?xml version="1.0" encoding="UTF-8"?>
<channel>
  <id type="integer">752954</id>
  <name>UTAS Labs</name>
  <latitude type="decimal">0.0</latitude>
  <longitude type="decimal">0.0</longitude>
  <field1>LDR</field1>
  <field2>LDR</field2>
  <field3>LDR</field3>
  <created-at type="dateTime">2019-04-08T13:41:44+10:00</created-at>
  <updated-at type="dateTime">2019-04-08T13:42:16+10:00</updated-at>
  <last-entry-id type="integer">91748</last-entry-id>
  <feeds type="array">
    <feed>
      <created-at type="dateTime">2019-11-11T00:04:13+11:00</created-at>
      <entry-id type="integer">44735</entry-id>
      <field2>44</field2>
    </feed>
    <feed>
      <created-at type="dateTime">2019-11-11T00:09:14+11:00</created-at>
      <entry-id type="integer">44736</entry-id>
      <field2>44</field2>
    </feed>
    <feed>
      <created-at type="dateTime">2019-11-11T00:14:14+11:00</created-at>
      <entry-id type="integer">44737</entry-id>
      <field2>44</field2>
    </feed>
    <feed>
      <created-at type="dateTime">2019-11-11T00:19:16+11:00</created-at>
      <entry-id type="integer">44738</entry-id>
      <field2>44</field2>
    </feed>
    <feed>
      <created-at type="dateTime">2019-11-11T00:24:16+11:00</created-at>
      <entry-id type="integer">44739</entry-id>
      <field2>44</field2>
    </feed>
    <feed>
      <created-at type="dateTime">2019-11-11T00:29:17+11:00</created-at>
      <entry-id type="integer">44740</entry-id>
      <field2>45</field2>
    </feed>
    <feed>
      <created-at type="dateTime">2019-11-11T00:34:18+11:00</created-at>
      <entry-id type="integer">44741</entry-id>
      <field2>44</field2>
    </feed>
    <feed>
      <created-at type="dateTime">2019-11-11T00:39:18+11:00</created-at>
      <entry-id type="integer">44742</entry-id>
      <field2>45</field2>
    </feed>
    <feed>
      <created-at type="dateTime">2019-11-11T00:44:19+11:00</created-at>
      <entry-id type="integer">44743</entry-id>
      <field2>44</field2>
    </feed>
    <feed>
      <created-at type="dateTime">2019-11-11T00:49:20+11:00</created-at>
      <entry-id type="integer">44744</entry-id>
      <field2>45</field2>
    </feed>
    <feed>
      <created-at type="dateTime">2019-11-11T00:54:21+11:00</created-at>
      <entry-id type="integer">44745</entry-id>
      <field2>46</field2>
    </feed>
    <feed>
      <created-at type="dateTime">2019-11-11T00:59:22+11:00</created-at>
      <entry-id type="integer">44746</entry-id>
      <field2>45</field2>
    </feed>
    <feed>
      <created-at type="dateTime">2019-11-11T01:04:22+11:00</created-at>
      <entry-id type="integer">44747</entry-id>
      <field2>45</field2>
    </feed>
    <feed>
      <created-at type="dateTime">2019-11-11T01:09:23+11:00</created-at>
      <entry-id type="integer">44748</entry-id>
      <field2>45</field2>
    </feed>
    <feed>
      <created-at type="dateTime">2019-11-11T01:14:24+11:00</created-at>
      <entry-id type="integer">44749</entry-id>
      <field2>44</field2>
    </feed>
    <feed>
      <created-at type="dateTime">2019-11-11T01:19:24+11:00</created-at>
      <entry-id type="integer">44750</entry-id>
      <field2>45</field2>
    </feed>
    <feed>
      <created-at type="dateTime">2019-11-11T01:24:25+11:00</created-at>
      <entry-id type="integer">44751</entry-id>
      <field2>45</field2>
    </feed>
    <feed>
      <created-at type="dateTime">2019-11-11T01:29:26+11:00</created-at>
      <entry-id type="integer">44752</entry-id>
      <field2>45</field2>
    </feed>
    <feed>
      <created-at type="dateTime">2019-11-11T01:34:26+11:00</created-at>
      <entry-id type="integer">44753</entry-id>
      <field2>45</field2>
    </feed>
    <feed>
      <created-at type="dateTime">2019-11-11T01:39:27+11:00</created-at>
      <entry-id type="integer">44754</entry-id>
      <field2>45</field2>
    </feed>
    <feed>
      <created-at type="dateTime">2019-11-11T01:44:27+11:00</created-at>
      <entry-id type="integer">44755</entry-id>
      <field2>45</field2>
    </feed>
    <feed>
      <created-at type="dateTime">2019-11-11T01:49:28+11:00</created-at>
      <entry-id type="integer">44756</entry-id>
      <field2>45</field2>
    </feed>
    <feed>
      <created-at type="dateTime">2019-11-11T01:54:29+11:00</created-at>
      <entry-id type="integer">44757</entry-id>
      <field2>45</field2>
    </feed>
    <feed>
      <created-at type="dateTime">2019-11-11T01:59:29+11:00</created-at>
      <entry-id type="integer">44758</entry-id>
      <field2>45</field2>
    </feed>
    <feed>
      <created-at type="dateTime">2019-11-11T02:04:30+11:00</created-at>
      <entry-id type="integer">44759</entry-id>
      <field2>45</field2>
    </feed>
    <feed>
      <created-at type="dateTime">2019-11-11T02:09:31+11:00</created-at>
      <entry-id type="integer">44760</entry-id>
      <field2>45</field2>
    </feed>
    <feed>
      <created-at type="dateTime">2019-11-11T02:14:31+11:00</created-at>
      <entry-id type="integer">44761</entry-id>
      <field2>45</field2>
    </feed>
    <feed>
      <created-at type="dateTime">2019-11-11T02:19:32+11:00</created-at>
      <entry-id type="integer">44762</entry-id>
      <field2>46</field2>
    </feed>
    <feed>
      <created-at type="dateTime">2019-11-11T02:24:33+11:00</created-at>
      <entry-id type="integer">44763</entry-id>
      <field2>46</field2>
    </feed>
    <feed>
      <created-at type="dateTime">2019-11-11T02:29:33+11:00</created-at>
      <entry-id type="integer">44764</entry-id>
      <field2>46</field2>
    </feed>
    <feed>
      <created-at type="dateTime">2019-11-11T02:34:34+11:00</created-at>
      <entry-id type="integer">44765</entry-id>
      <field2>46</field2>
    </feed>
    <feed>
      <created-at type="dateTime">2019-11-11T02:39:34+11:00</created-at>
      <entry-id type="integer">44766</entry-id>
      <field2>45</field2>
    </feed>
    <feed>
      <created-at type="dateTime">2019-11-11T02:44:35+11:00</created-at>
      <entry-id type="integer">44767</entry-id>
      <field2>46</field2>
    </feed>
    <feed>
      <created-at type="dateTime">2019-11-11T02:49:36+11:00</created-at>
      <entry-id type="integer">44768</entry-id>
      <field2>46</field2>
    </feed>
    <feed>
      <created-at type="dateTime">2019-11-11T02:54:36+11:00</created-at>
      <entry-id type="integer">44769</entry-id>
      <field2>46</field2>
    </feed>
    <feed>
      <created-at type="dateTime">2019-11-11T02:59:37+11:00</created-at>
      <entry-id type="integer">44770</entry-id>
      <field2>46</field2>
    </feed>
    <feed>
      <created-at type="dateTime">2019-11-11T03:04:37+11:00</created-at>
      <entry-id type="integer">44771</entry-id>
      <field2>46</field2>
    </feed>
    <feed>
      <created-at type="dateTime">2019-11-11T03:09:38+11:00</created-at>
      <entry-id type="integer">44772</entry-id>
      <field2>46</field2>
    </feed>
    <feed>
      <created-at type="dateTime">2019-11-11T03:14:39+11:00</created-at>
      <entry-id type="integer">44773</entry-id>
      <field2>46</field2>
    </feed>
    <feed>
      <created-at type="dateTime">2019-11-11T03:19:39+11:00</created-at>
      <entry-id type="integer">44774</entry-id>
      <field2>47</field2>
    </feed>
    <feed>
      <created-at type="dateTime">2019-11-11T03:24:40+11:00</created-at>
      <entry-id type="integer">44775</entry-id>
      <field2>47</field2>
    </feed>
    <feed>
      <created-at type="dateTime">2019-11-11T03:29:41+11:00</created-at>
      <entry-id type="integer">44776</entry-id>
      <field2>47</field2>
    </feed>
    <feed>
      <created-at type="dateTime">2019-11-11T03:34:41+11:00</created-at>
      <entry-id type="integer">44777</entry-id>
      <field2>46</field2>
    </feed>
    <feed>
      <created-at type="dateTime">2019-11-11T03:39:41+11:00</created-at>
      <entry-id type="integer">44778</entry-id>
      <field2>47</field2>
    </feed>
    <feed>
      <created-at type="dateTime">2019-11-11T03:44:42+11:00</created-at>
      <entry-id type="integer">44779</entry-id>
      <field2>46</field2>
    </feed>
    <feed>
      <created-at type="dateTime">2019-11-11T03:49:43+11:00</created-at>
      <entry-id type="integer">44780</entry-id>
      <field2>47</field2>
    </feed>
    <feed>
      <created-at type="dateTime">2019-11-11T03:54:43+11:00</created-at>
      <entry-id type="integer">44781</entry-id>
      <field2>46</field2>
    </feed>
    <feed>
      <created-at type="dateTime">2019-11-11T03:59:44+11:00</created-at>
      <entry-id type="integer">44782</entry-id>
      <field2>47</field2>
    </feed>
    <feed>
      <created-at type="dateTime">2019-11-11T04:04:44+11:00</created-at>
      <entry-id type="integer">44783</entry-id>
      <field2>47</field2>
    </feed>
    <feed>
      <created-at type="dateTime">2019-11-11T04:09:45+11:00</created-at>
      <entry-id type="integer">44784</entry-id>
      <field2>47</field2>
    </feed>
    <feed>
      <created-at type="dateTime">2019-11-11T04:14:46+11:00</created-at>
      <entry-id type="integer">44785</entry-id>
      <field2>46</field2>
    </feed>
    <feed>
      <created-at type="dateTime">2019-11-11T04:19:46+11:00</created-at>
      <entry-id type="integer">44786</entry-id>
      <field2>46</field2>
    </feed>
    <feed>
      <created-at type="dateTime">2019-11-11T04:24:47+11:00</created-at>
      <entry-id type="integer">44787</entry-id>
      <field2>46</field2>
    </feed>
    <feed>
      <created-at type="dateTime">2019-11-11T04:29:47+11:00</created-at>
      <entry-id type="integer">44788</entry-id>
      <field2>46</field2>
    </feed>
    <feed>
      <created-at type="dateTime">2019-11-11T04:36:51+11:00</created-at>
      <entry-id type="integer">44789</entry-id>
      <field2>46</field2>
    </feed>
    <feed>
      <created-at type="dateTime">2019-11-11T04:41:45+11:00</created-at>
      <entry-id type="integer">44790</entry-id>
      <field2>46</field2>
    </feed>
    <feed>
      <created-at type="dateTime">2019-11-11T04:46:38+11:00</created-at>
      <entry-id type="integer">44791</entry-id>
      <field2>45</field2>
    </feed>
    <feed>
      <created-at type="dateTime">2019-11-11T04:51:32+11:00</created-at>
      <entry-id type="integer">44792</entry-id>
      <field2>46</field2>
    </feed>
    <feed>
      <created-at type="dateTime">2019-11-11T04:56:25+11:00</created-at>
      <entry-id type="integer">44793</entry-id>
      <field2>46</field2>
    </feed>
    <feed>
      <created-at type="dateTime">2019-11-11T05:01:19+11:00</created-at>
      <entry-id type="integer">44794</entry-id>
      <field2>46</field2>
    </feed>
    <feed>
      <created-at type="dateTime">2019-11-11T05:06:13+11:00</created-at>
      <entry-id type="integer">44795</entry-id>
      <field2>47</field2>
    </feed>
    <feed>
      <created-at type="dateTime">2019-11-11T05:11:06+11:00</created-at>
      <entry-id type="integer">44796</entry-id>
      <field2>51</field2>
    </feed>
    <feed>
      <created-at type="dateTime">2019-11-11T05:16:00+11:00</created-at>
      <entry-id type="integer">44797</entry-id>
      <field2>59</field2>
    </feed>
    <feed>
      <created-at type="dateTime">2019-11-11T05:20:53+11:00</created-at>
      <entry-id type="integer">44798</entry-id>
      <field2>73</field2>
    </feed>
    <feed>
      <created-at type="dateTime">2019-11-11T05:25:47+11:00</created-at>
      <entry-id type="integer">44799</entry-id>
      <field2>90</field2>
    </feed>
    <feed>
      <created-at type="dateTime">2019-11-11T05:30:41+11:00</created-at>
      <entry-id type="integer">44800</entry-id>
      <field2>117</field2>
    </feed>
    <feed>
      <created-at type="dateTime">2019-11-11T05:35:34+11:00</created-at>
      <entry-id type="integer">44801</entry-id>
      <field2>165</field2>
    </feed>
    <feed>
      <created-at type="dateTime">2019-11-11T05:40:28+11:00</created-at>
      <entry-id type="integer">44802</entry-id>
      <field2>302</field2>
    </feed>
    <feed>
      <created-at type="dateTime">2019-11-11T05:45:22+11:00</created-at>
      <entry-id type="integer">44803</entry-id>
      <field2>272</field2>
    </feed>
    <feed>
      <created-at type="dateTime">2019-11-11T05:50:15+11:00</created-at>
      <entry-id type="integer">44804</entry-id>
      <field2>344</field2>
    </feed>
    <feed>
      <created-at type="dateTime">2019-11-11T05:55:09+11:00</created-at>
      <entry-id type="integer">44805</entry-id>
      <field2>411</field2>
    </feed>
    <feed>
      <created-at type="dateTime">2019-11-11T06:00:02+11:00</created-at>
      <entry-id type="integer">44806</entry-id>
      <field2>476</field2>
    </feed>
    <feed>
      <created-at type="dateTime">2019-11-11T06:05:01+11:00</created-at>
      <entry-id type="integer">44807</entry-id>
      <field2>531</field2>
    </feed>
    <feed>
      <created-at type="dateTime">2019-11-11T06:10:02+11:00</created-at>
      <entry-id type="integer">44808</entry-id>
      <field2>616</field2>
    </feed>
    <feed>
      <created-at type="dateTime">2019-11-11T06:15:03+11:00</created-at>
      <entry-id type="integer">44809</entry-id>
      <field2>662</field2>
    </feed>
    <feed>
      <created-at type="dateTime">2019-11-11T06:20:04+11:00</created-at>
      <entry-id type="integer">44810</entry-id>
      <field2>675</field2>
    </feed>
    <feed>
      <created-at type="dateTime">2019-11-11T06:25:04+11:00</created-at>
      <entry-id type="integer">44811</entry-id>
      <field2>706</field2>
    </feed>
    <feed>
      <created-at type="dateTime">2019-11-11T06:30:05+11:00</created-at>
      <entry-id type="integer">44812</entry-id>
      <field2>727</field2>
    </feed>
    <feed>
      <created-at type="dateTime">2019-11-11T06:35:06+11:00</created-at>
      <entry-id type="integer">44813</entry-id>
      <field2>718</field2>
    </feed>
    <feed>
      <created-at type="dateTime">2019-11-11T06:40:06+11:00</created-at>
      <entry-id type="integer">44814</entry-id>
      <field2>717</field2>
    </feed>
    <feed>
      <created-at type="dateTime">2019-11-11T06:45:07+11:00</created-at>
      <entry-id type="integer">44815</entry-id>
      <field2>751</field2>
    </feed>
    <feed>
      <created-at type="dateTime">2019-11-11T06:50:08+11:00</created-at>
      <entry-id type="integer">44816</entry-id>
      <field2>760</field2>
    </feed>
    <feed>
      <created-at type="dateTime">2019-11-11T06:55:09+11:00</created-at>
      <entry-id type="integer">44817</entry-id>
      <field2>772</field2>
    </feed>
    <feed>
      <created-at type="dateTime">2019-11-11T07:00:10+11:00</created-at>
      <entry-id type="integer">44818</entry-id>
      <field2>817</field2>
    </feed>
    <feed>
      <created-at type="dateTime">2019-11-11T07:05:11+11:00</created-at>
      <entry-id type="integer">44819</entry-id>
      <field2>835</field2>
    </feed>
    <feed>
      <created-at type="dateTime">2019-11-11T07:10:12+11:00</created-at>
      <entry-id type="integer">44820</entry-id>
      <field2>884</field2>
    </feed>
    <feed>
      <created-at type="dateTime">2019-11-11T07:15:12+11:00</created-at>
      <entry-id type="integer">44821</entry-id>
      <field2>909</field2>
    </feed>
    <feed>
      <created-at type="dateTime">2019-11-11T07:20:13+11:00</created-at>
      <entry-id type="integer">44822</entry-id>
      <field2>897</field2>
    </feed>
    <feed>
      <created-at type="dateTime">2019-11-11T07:25:14+11:00</created-at>
      <entry-id type="integer">44823</entry-id>
      <field2>883</field2>
    </feed>
    <feed>
      <created-at type="dateTime">2019-11-11T07:30:15+11:00</created-at>
      <entry-id type="integer">44824</entry-id>
      <field2>872</field2>
    </feed>
    <feed>
      <created-at type="dateTime">2019-11-11T07:35:16+11:00</created-at>
      <entry-id type="integer">44825</entry-id>
      <field2>891</field2>
    </feed>
    <feed>
      <created-at type="dateTime">2019-11-11T07:40:17+11:00</created-at>
      <entry-id type="integer">44826</entry-id>
      <field2>891</field2>
    </feed>
    <feed>
      <created-at type="dateTime">2019-11-11T07:45:18+11:00</created-at>
      <entry-id type="integer">44827</entry-id>
      <field2>877</field2>
    </feed>
    <feed>
      <created-at type="dateTime">2019-11-11T07:50:19+11:00</created-at>
      <entry-id type="integer">44828</entry-id>
      <field2>852</field2>
    </feed>
    <feed>
      <created-at type="dateTime">2019-11-11T07:55:20+11:00</created-at>
      <entry-id type="integer">44829</entry-id>
      <field2>865</field2>
    </feed>
    <feed>
      <created-at type="dateTime">2019-11-11T08:00:21+11:00</created-at>
      <entry-id type="integer">44830</entry-id>
      <field2>891</field2>
    </feed>
    <feed>
      <created-at type="dateTime">2019-11-11T08:05:22+11:00</created-at>
      <entry-id type="integer">44831</entry-id>
      <field2>901</field2>
    </feed>
    <feed>
      <created-at type="dateTime">2019-11-11T08:10:23+11:00</created-at>
      <entry-id type="integer">44832</entry-id>
      <field2>916</field2>
    </feed>
    <feed>
      <created-at type="dateTime">2019-11-11T08:15:24+11:00</created-at>
      <entry-id type="integer">44833</entry-id>
      <field2>912</field2>
    </feed>
    <feed>
      <created-at type="dateTime">2019-11-11T08:20:25+11:00</created-at>
      <entry-id type="integer">44834</entry-id>
      <field2>917</field2>
    </feed>
    <feed>
      <created-at type="dateTime">2019-11-11T08:25:26+11:00</created-at>
      <entry-id type="integer">44835</entry-id>
      <field2>920</field2>
    </feed>
    <feed>
      <created-at type="dateTime">2019-11-11T08:30:27+11:00</created-at>
      <entry-id type="integer">44836</entry-id>
      <field2>926</field2>
    </feed>
    <feed>
      <created-at type="dateTime">2019-11-11T08:35:28+11:00</created-at>
      <entry-id type="integer">44837</entry-id>
      <field2>933</field2>
    </feed>
    <feed>
      <created-at type="dateTime">2019-11-11T08:40:29+11:00</created-at>
      <entry-id type="integer">44838</entry-id>
      <field2>951</field2>
    </feed>
    <feed>
      <created-at type="dateTime">2019-11-11T08:45:30+11:00</created-at>
      <entry-id type="integer">44839</entry-id>
      <field2>930</field2>
    </feed>
    <feed>
      <created-at type="dateTime">2019-11-11T08:50:31+11:00</created-at>
      <entry-id type="integer">44840</entry-id>
      <field2>915</field2>
    </feed>
    <feed>
      <created-at type="dateTime">2019-11-11T08:55:32+11:00</created-at>
      <entry-id type="integer">44841</entry-id>
      <field2>920</field2>
    </feed>
    <feed>
      <created-at type="dateTime">2019-11-11T09:00:33+11:00</created-at>
      <entry-id type="integer">44842</entry-id>
      <field2>942</field2>
    </feed>
    <feed>
      <created-at type="dateTime">2019-11-11T09:05:34+11:00</created-at>
      <entry-id type="integer">44843</entry-id>
      <field2>970</field2>
    </feed>
    <feed>
      <created-at type="dateTime">2019-11-11T09:10:36+11:00</created-at>
      <entry-id type="integer">44844</entry-id>
      <field2>968</field2>
    </feed>
    <feed>
      <created-at type="dateTime">2019-11-11T09:15:37+11:00</created-at>
      <entry-id type="integer">44845</entry-id>
      <field2>954</field2>
    </feed>
    <feed>
      <created-at type="dateTime">2019-11-11T09:20:38+11:00</created-at>
      <entry-id type="integer">44846</entry-id>
      <field2>942</field2>
    </feed>
    <feed>
      <created-at type="dateTime">2019-11-11T09:25:39+11:00</created-at>
      <entry-id type="integer">44847</entry-id>
      <field2>940</field2>
    </feed>
    <feed>
      <created-at type="dateTime">2019-11-11T09:30:41+11:00</created-at>
      <entry-id type="integer">44848</entry-id>
      <field2>931</field2>
    </feed>
    <feed>
      <created-at type="dateTime">2019-11-11T09:35:42+11:00</created-at>
      <entry-id type="integer">44849</entry-id>
      <field2>945</field2>
    </feed>
    <feed>
      <created-at type="dateTime">2019-11-11T09:40:43+11:00</created-at>
      <entry-id type="integer">44850</entry-id>
      <field2>982</field2>
    </feed>
    <feed>
      <created-at type="dateTime">2019-11-11T09:45:44+11:00</created-at>
      <entry-id type="integer">44851</entry-id>
      <field2>978</field2>
    </feed>
    <feed>
      <created-at type="dateTime">2019-11-11T09:50:46+11:00</created-at>
      <entry-id type="integer">44852</entry-id>
      <field2>932</field2>
    </feed>
    <feed>
      <created-at type="dateTime">2019-11-11T09:55:47+11:00</created-at>
      <entry-id type="integer">44853</entry-id>
      <field2>938</field2>
    </feed>
    <feed>
      <created-at type="dateTime">2019-11-11T10:00:48+11:00</created-at>
      <entry-id type="integer">44854</entry-id>
      <field2>946</field2>
    </feed>
    <feed>
      <created-at type="dateTime">2019-11-11T10:05:49+11:00</created-at>
      <entry-id type="integer">44855</entry-id>
      <field2>954</field2>
    </feed>
    <feed>
      <created-at type="dateTime">2019-11-11T10:10:51+11:00</created-at>
      <entry-id type="integer">44856</entry-id>
      <field2>956</field2>
    </feed>
    <feed>
      <created-at type="dateTime">2019-11-11T10:15:52+11:00</created-at>
      <entry-id type="integer">44857</entry-id>
      <field2>999</field2>
    </feed>
    <feed>
      <created-at type="dateTime">2019-11-11T10:20:53+11:00</created-at>
      <entry-id type="integer">44858</entry-id>
      <field2>998</field2>
    </feed>
    <feed>
      <created-at type="dateTime">2019-11-11T10:25:55+11:00</created-at>
      <entry-id type="integer">44859</entry-id>
      <field2>995</field2>
    </feed>
    <feed>
      <created-at type="dateTime">2019-11-11T10:30:55+11:00</created-at>
      <entry-id type="integer">44860</entry-id>
      <field2>970</field2>
    </feed>
    <feed>
      <created-at type="dateTime">2019-11-11T10:35:57+11:00</created-at>
      <entry-id type="integer">44861</entry-id>
      <field2>956</field2>
    </feed>
    <feed>
      <created-at type="dateTime">2019-11-11T10:40:59+11:00</created-at>
      <entry-id type="integer">44862</entry-id>
      <field2>986</field2>
    </feed>
    <feed>
      <created-at type="dateTime">2019-11-11T10:46:00+11:00</created-at>
      <entry-id type="integer">44863</entry-id>
      <field2>983</field2>
    </feed>
    <feed>
      <created-at type="dateTime">2019-11-11T10:51:01+11:00</created-at>
      <entry-id type="integer">44864</entry-id>
      <field2>992</field2>
    </feed>
    <feed>
      <created-at type="dateTime">2019-11-11T10:56:03+11:00</created-at>
      <entry-id type="integer">44865</entry-id>
      <field2>973</field2>
    </feed>
    <feed>
      <created-at type="dateTime">2019-11-11T11:01:06+11:00</created-at>
      <entry-id type="integer">44866</entry-id>
      <field2>973</field2>
    </feed>
    <feed>
      <created-at type="dateTime">2019-11-11T11:06:05+11:00</created-at>
      <entry-id type="integer">44867</entry-id>
      <field2>968</field2>
    </feed>
    <feed>
      <created-at type="dateTime">2019-11-11T11:11:07+11:00</created-at>
      <entry-id type="integer">44868</entry-id>
      <field2>962</field2>
    </feed>
    <feed>
      <created-at type="dateTime">2019-11-11T11:16:08+11:00</created-at>
      <entry-id type="integer">44869</entry-id>
      <field2>956</field2>
    </feed>
    <feed>
      <created-at type="dateTime">2019-11-11T11:21:10+11:00</created-at>
      <entry-id type="integer">44870</entry-id>
      <field2>957</field2>
    </feed>
    <feed>
      <created-at type="dateTime">2019-11-11T11:26:11+11:00</created-at>
      <entry-id type="integer">44871</entry-id>
      <field2>956</field2>
    </feed>
    <feed>
      <created-at type="dateTime">2019-11-11T11:31:13+11:00</created-at>
      <entry-id type="integer">44872</entry-id>
      <field2>948</field2>
    </feed>
    <feed>
      <created-at type="dateTime">2019-11-11T11:36:14+11:00</created-at>
      <entry-id type="integer">44873</entry-id>
      <field2>948</field2>
    </feed>
    <feed>
      <created-at type="dateTime">2019-11-11T11:41:16+11:00</created-at>
      <entry-id type="integer">44874</entry-id>
      <field2>955</field2>
    </feed>
    <feed>
      <created-at type="dateTime">2019-11-11T11:46:17+11:00</created-at>
      <entry-id type="integer">44875</entry-id>
      <field2>952</field2>
    </feed>
    <feed>
      <created-at type="dateTime">2019-11-11T11:51:19+11:00</created-at>
      <entry-id type="integer">44876</entry-id>
      <field2>944</field2>
    </feed>
    <feed>
      <created-at type="dateTime">2019-11-11T11:56:21+11:00</created-at>
      <entry-id type="integer">44877</entry-id>
      <field2>944</field2>
    </feed>
    <feed>
      <created-at type="dateTime">2019-11-11T12:01:22+11:00</created-at>
      <entry-id type="integer">44878</entry-id>
      <field2>943</field2>
    </feed>
    <feed>
      <created-at type="dateTime">2019-11-11T12:06:24+11:00</created-at>
      <entry-id type="integer">44879</entry-id>
      <field2>947</field2>
    </feed>
    <feed>
      <created-at type="dateTime">2019-11-11T12:11:25+11:00</created-at>
      <entry-id type="integer">44880</entry-id>
      <field2>947</field2>
    </feed>
    <feed>
      <created-at type="dateTime">2019-11-11T12:16:26+11:00</created-at>
      <entry-id type="integer">44881</entry-id>
      <field2>937</field2>
    </feed>
    <feed>
      <created-at type="dateTime">2019-11-11T12:21:28+11:00</created-at>
      <entry-id type="integer">44882</entry-id>
      <field2>941</field2>
    </feed>
    <feed>
      <created-at type="dateTime">2019-11-11T12:26:29+11:00</created-at>
      <entry-id type="integer">44883</entry-id>
      <field2>938</field2>
    </feed>
    <feed>
      <created-at type="dateTime">2019-11-11T12:31:31+11:00</created-at>
      <entry-id type="integer">44884</entry-id>
      <field2>931</field2>
    </feed>
    <feed>
      <created-at type="dateTime">2019-11-11T12:36:33+11:00</created-at>
      <entry-id type="integer">44885</entry-id>
      <field2>927</field2>
    </feed>
    <feed>
      <created-at type="dateTime">2019-11-11T12:41:34+11:00</created-at>
      <entry-id type="integer">44886</entry-id>
      <field2>922</field2>
    </feed>
    <feed>
      <created-at type="dateTime">2019-11-11T12:46:36+11:00</created-at>
      <entry-id type="integer">44887</entry-id>
      <field2>925</field2>
    </feed>
    <feed>
      <created-at type="dateTime">2019-11-11T12:51:37+11:00</created-at>
      <entry-id type="integer">44888</entry-id>
      <field2>932</field2>
    </feed>
    <feed>
      <created-at type="dateTime">2019-11-11T12:56:39+11:00</created-at>
      <entry-id type="integer">44889</entry-id>
      <field2>944</field2>
    </feed>
    <feed>
      <created-at type="dateTime">2019-11-11T13:01:41+11:00</created-at>
      <entry-id type="integer">44890</entry-id>
      <field2>952</field2>
    </feed>
    <feed>
      <created-at type="dateTime">2019-11-11T13:06:43+11:00</created-at>
      <entry-id type="integer">44891</entry-id>
      <field2>950</field2>
    </feed>
    <feed>
      <created-at type="dateTime">2019-11-11T13:11:45+11:00</created-at>
      <entry-id type="integer">44892</entry-id>
      <field2>954</field2>
    </feed>
    <feed>
      <created-at type="dateTime">2019-11-11T13:16:47+11:00</created-at>
      <entry-id type="integer">44893</entry-id>
      <field2>951</field2>
    </feed>
    <feed>
      <created-at type="dateTime">2019-11-11T13:21:48+11:00</created-at>
      <entry-id type="integer">44894</entry-id>
      <field2>949</field2>
    </feed>
    <feed>
      <created-at type="dateTime">2019-11-11T13:26:50+11:00</created-at>
      <entry-id type="integer">44895</entry-id>
      <field2>936</field2>
    </feed>
    <feed>
      <created-at type="dateTime">2019-11-11T13:31:52+11:00</created-at>
      <entry-id type="integer">44896</entry-id>
      <field2>937</field2>
    </feed>
    <feed>
      <created-at type="dateTime">2019-11-11T13:36:54+11:00</created-at>
      <entry-id type="integer">44897</entry-id>
      <field2>940</field2>
    </feed>
    <feed>
      <created-at type="dateTime">2019-11-11T13:41:56+11:00</created-at>
      <entry-id type="integer">44898</entry-id>
      <field2>937</field2>
    </feed>
    <feed>
      <created-at type="dateTime">2019-11-11T13:46:58+11:00</created-at>
      <entry-id type="integer">44899</entry-id>
      <field2>923</field2>
    </feed>
    <feed>
      <created-at type="dateTime">2019-11-11T13:51:59+11:00</created-at>
      <entry-id type="integer">44900</entry-id>
      <field2>908</field2>
    </feed>
    <feed>
      <created-at type="dateTime">2019-11-11T13:57:02+11:00</created-at>
      <entry-id type="integer">44901</entry-id>
      <field2>902</field2>
    </feed>
    <feed>
      <created-at type="dateTime">2019-11-11T14:02:05+11:00</created-at>
      <entry-id type="integer">44902</entry-id>
      <field2>898</field2>
    </feed>
    <feed>
      <created-at type="dateTime">2019-11-11T14:07:08+11:00</created-at>
      <entry-id type="integer">44903</entry-id>
      <field2>901</field2>
    </feed>
    <feed>
      <created-at type="dateTime">2019-11-11T14:12:10+11:00</created-at>
      <entry-id type="integer">44904</entry-id>
      <field2>892</field2>
    </feed>
    <feed>
      <created-at type="dateTime">2019-11-11T14:17:12+11:00</created-at>
      <entry-id type="integer">44905</entry-id>
      <field2>892</field2>
    </feed>
    <feed>
      <created-at type="dateTime">2019-11-11T14:22:15+11:00</created-at>
      <entry-id type="integer">44906</entry-id>
      <field2>891</field2>
    </feed>
    <feed>
      <created-at type="dateTime">2019-11-11T14:27:17+11:00</created-at>
      <entry-id type="integer">44907</entry-id>
      <field2>891</field2>
    </feed>
    <feed>
      <created-at type="dateTime">2019-11-11T14:32:20+11:00</created-at>
      <entry-id type="integer">44908</entry-id>
      <field2>885</field2>
    </feed>
    <feed>
      <created-at type="dateTime">2019-11-11T14:37:22+11:00</created-at>
      <entry-id type="integer">44909</entry-id>
      <field2>893</field2>
    </feed>
    <feed>
      <created-at type="dateTime">2019-11-11T14:42:24+11:00</created-at>
      <entry-id type="integer">44910</entry-id>
      <field2>888</field2>
    </feed>
    <feed>
      <created-at type="dateTime">2019-11-11T14:47:26+11:00</created-at>
      <entry-id type="integer">44911</entry-id>
      <field2>923</field2>
    </feed>
    <feed>
      <created-at type="dateTime">2019-11-11T14:52:29+11:00</created-at>
      <entry-id type="integer">44912</entry-id>
      <field2>897</field2>
    </feed>
    <feed>
      <created-at type="dateTime">2019-11-11T14:57:31+11:00</created-at>
      <entry-id type="integer">44913</entry-id>
      <field2>912</field2>
    </feed>
    <feed>
      <created-at type="dateTime">2019-11-11T15:02:34+11:00</created-at>
      <entry-id type="integer">44914</entry-id>
      <field2>930</field2>
    </feed>
    <feed>
      <created-at type="dateTime">2019-11-11T15:07:36+11:00</created-at>
      <entry-id type="integer">44915</entry-id>
      <field2>916</field2>
    </feed>
    <feed>
      <created-at type="dateTime">2019-11-11T15:12:39+11:00</created-at>
      <entry-id type="integer">44916</entry-id>
      <field2>919</field2>
    </feed>
    <feed>
      <created-at type="dateTime">2019-11-11T15:17:42+11:00</created-at>
      <entry-id type="integer">44917</entry-id>
      <field2>904</field2>
    </feed>
    <feed>
      <created-at type="dateTime">2019-11-11T15:22:44+11:00</created-at>
      <entry-id type="integer">44918</entry-id>
      <field2>924</field2>
    </feed>
    <feed>
      <created-at type="dateTime">2019-11-11T15:27:46+11:00</created-at>
      <entry-id type="integer">44919</entry-id>
      <field2>925</field2>
    </feed>
    <feed>
      <created-at type="dateTime">2019-11-11T15:32:48+11:00</created-at>
      <entry-id type="integer">44920</entry-id>
      <field2>935</field2>
    </feed>
    <feed>
      <created-at type="dateTime">2019-11-11T15:37:50+11:00</created-at>
      <entry-id type="integer">44921</entry-id>
      <field2>935</field2>
    </feed>
    <feed>
      <created-at type="dateTime">2019-11-11T15:42:52+11:00</created-at>
      <entry-id type="integer">44922</entry-id>
      <field2>924</field2>
    </feed>
    <feed>
      <created-at type="dateTime">2019-11-11T15:47:54+11:00</created-at>
      <entry-id type="integer">44923</entry-id>
      <field2>921</field2>
    </feed>
    <feed>
      <created-at type="dateTime">2019-11-11T15:52:56+11:00</created-at>
      <entry-id type="integer">44924</entry-id>
      <field2>933</field2>
    </feed>
    <feed>
      <created-at type="dateTime">2019-11-11T15:57:58+11:00</created-at>
      <entry-id type="integer">44925</entry-id>
      <field2>926</field2>
    </feed>
    <feed>
      <created-at type="dateTime">2019-11-11T16:03:01+11:00</created-at>
      <entry-id type="integer">44926</entry-id>
      <field2>905</field2>
    </feed>
    <feed>
      <created-at type="dateTime">2019-11-11T16:08:03+11:00</created-at>
      <entry-id type="integer">44927</entry-id>
      <field2>894</field2>
    </feed>
    <feed>
      <created-at type="dateTime">2019-11-11T16:13:06+11:00</created-at>
      <entry-id type="integer">44928</entry-id>
      <field2>889</field2>
    </feed>
    <feed>
      <created-at type="dateTime">2019-11-11T16:18:09+11:00</created-at>
      <entry-id type="integer">44929</entry-id>
      <field2>872</field2>
    </feed>
    <feed>
      <created-at type="dateTime">2019-11-11T16:23:12+11:00</created-at>
      <entry-id type="integer">44930</entry-id>
      <field2>901</field2>
    </feed>
    <feed>
      <created-at type="dateTime">2019-11-11T16:28:14+11:00</created-at>
      <entry-id type="integer">44931</entry-id>
      <field2>920</field2>
    </feed>
    <feed>
      <created-at type="dateTime">2019-11-11T16:33:17+11:00</created-at>
      <entry-id type="integer">44932</entry-id>
      <field2>903</field2>
    </feed>
    <feed>
      <created-at type="dateTime">2019-11-11T16:38:19+11:00</created-at>
      <entry-id type="integer">44933</entry-id>
      <field2>900</field2>
    </feed>
    <feed>
      <created-at type="dateTime">2019-11-11T16:43:21+11:00</created-at>
      <entry-id type="integer">44934</entry-id>
      <field2>911</field2>
    </feed>
    <feed>
      <created-at type="dateTime">2019-11-11T16:48:24+11:00</created-at>
      <entry-id type="integer">44935</entry-id>
      <field2>920</field2>
    </feed>
    <feed>
      <created-at type="dateTime">2019-11-11T16:53:26+11:00</created-at>
      <entry-id type="integer">44936</entry-id>
      <field2>904</field2>
    </feed>
    <feed>
      <created-at type="dateTime">2019-11-11T16:58:28+11:00</created-at>
      <entry-id type="integer">44937</entry-id>
      <field2>902</field2>
    </feed>
    <feed>
      <created-at type="dateTime">2019-11-11T17:03:30+11:00</created-at>
      <entry-id type="integer">44938</entry-id>
      <field2>887</field2>
    </feed>
    <feed>
      <created-at type="dateTime">2019-11-11T17:08:32+11:00</created-at>
      <entry-id type="integer">44939</entry-id>
      <field2>899</field2>
    </feed>
    <feed>
      <created-at type="dateTime">2019-11-11T17:13:34+11:00</created-at>
      <entry-id type="integer">44940</entry-id>
      <field2>912</field2>
    </feed>
    <feed>
      <created-at type="dateTime">2019-11-11T17:18:35+11:00</created-at>
      <entry-id type="integer">44941</entry-id>
      <field2>916</field2>
    </feed>
    <feed>
      <created-at type="dateTime">2019-11-11T17:23:37+11:00</created-at>
      <entry-id type="integer">44942</entry-id>
      <field2>912</field2>
    </feed>
    <feed>
      <created-at type="dateTime">2019-11-11T17:28:39+11:00</created-at>
      <entry-id type="integer">44943</entry-id>
      <field2>903</field2>
    </feed>
    <feed>
      <created-at type="dateTime">2019-11-11T17:33:40+11:00</created-at>
      <entry-id type="integer">44944</entry-id>
      <field2>902</field2>
    </feed>
    <feed>
      <created-at type="dateTime">2019-11-11T17:38:42+11:00</created-at>
      <entry-id type="integer">44945</entry-id>
      <field2>903</field2>
    </feed>
    <feed>
      <created-at type="dateTime">2019-11-11T17:43:44+11:00</created-at>
      <entry-id type="integer">44946</entry-id>
      <field2>901</field2>
    </feed>
    <feed>
      <created-at type="dateTime">2019-11-11T17:48:45+11:00</created-at>
      <entry-id type="integer">44947</entry-id>
      <field2>872</field2>
    </feed>
    <feed>
      <created-at type="dateTime">2019-11-11T18:01:26+11:00</created-at>
      <entry-id type="integer">44948</entry-id>
      <field2>908</field2>
    </feed>
    <feed>
      <created-at type="dateTime">2019-11-11T18:06:21+11:00</created-at>
      <entry-id type="integer">44949</entry-id>
      <field2>895</field2>
    </feed>
    <feed>
      <created-at type="dateTime">2019-11-11T18:11:15+11:00</created-at>
      <entry-id type="integer">44950</entry-id>
      <field2>876</field2>
    </feed>
    <feed>
      <created-at type="dateTime">2019-11-11T18:16:10+11:00</created-at>
      <entry-id type="integer">44951</entry-id>
      <field2>894</field2>
    </feed>
    <feed>
      <created-at type="dateTime">2019-11-11T18:21:04+11:00</created-at>
      <entry-id type="integer">44952</entry-id>
      <field2>879</field2>
    </feed>
    <feed>
      <created-at type="dateTime">2019-11-11T18:25:58+11:00</created-at>
      <entry-id type="integer">44953</entry-id>
      <field2>869</field2>
    </feed>
    <feed>
      <created-at type="dateTime">2019-11-11T18:30:52+11:00</created-at>
      <entry-id type="integer">44954</entry-id>
      <field2>837</field2>
    </feed>
    <feed>
      <created-at type="dateTime">2019-11-11T18:35:46+11:00</created-at>
      <entry-id type="integer">44955</entry-id>
      <field2>829</field2>
    </feed>
    <feed>
      <created-at type="dateTime">2019-11-11T18:40:41+11:00</created-at>
      <entry-id type="integer">44956</entry-id>
      <field2>851</field2>
    </feed>
    <feed>
      <created-at type="dateTime">2019-11-11T18:45:35+11:00</created-at>
      <entry-id type="integer">44957</entry-id>
      <field2>829</field2>
    </feed>
    <feed>
      <created-at type="dateTime">2019-11-11T18:50:29+11:00</created-at>
      <entry-id type="integer">44958</entry-id>
      <field2>836</field2>
    </feed>
    <feed>
      <created-at type="dateTime">2019-11-11T18:55:24+11:00</created-at>
      <entry-id type="integer">44959</entry-id>
      <field2>840</field2>
    </feed>
    <feed>
      <created-at type="dateTime">2019-11-11T19:00:18+11:00</created-at>
      <entry-id type="integer">44960</entry-id>
      <field2>796</field2>
    </feed>
    <feed>
      <created-at type="dateTime">2019-11-11T19:05:12+11:00</created-at>
      <entry-id type="integer">44961</entry-id>
      <field2>817</field2>
    </feed>
    <feed>
      <created-at type="dateTime">2019-11-11T19:10:06+11:00</created-at>
      <entry-id type="integer">44962</entry-id>
      <field2>800</field2>
    </feed>
    <feed>
      <created-at type="dateTime">2019-11-11T19:15:00+11:00</created-at>
      <entry-id type="integer">44963</entry-id>
      <field2>738</field2>
    </feed>
    <feed>
      <created-at type="dateTime">2019-11-11T19:19:54+11:00</created-at>
      <entry-id type="integer">44964</entry-id>
      <field2>748</field2>
    </feed>
    <feed>
      <created-at type="dateTime">2019-11-11T19:24:48+11:00</created-at>
      <entry-id type="integer">44965</entry-id>
      <field2>761</field2>
    </feed>
    <feed>
      <created-at type="dateTime">2019-11-11T19:29:43+11:00</created-at>
      <entry-id type="integer">44966</entry-id>
      <field2>695</field2>
    </feed>
    <feed>
      <created-at type="dateTime">2019-11-11T19:34:37+11:00</created-at>
      <entry-id type="integer">44967</entry-id>
      <field2>634</field2>
    </feed>
    <feed>
      <created-at type="dateTime">2019-11-11T19:39:31+11:00</created-at>
      <entry-id type="integer">44968</entry-id>
      <field2>547</field2>
    </feed>
    <feed>
      <created-at type="dateTime">2019-11-11T19:44:25+11:00</created-at>
      <entry-id type="integer">44969</entry-id>
      <field2>450</field2>
    </feed>
    <feed>
      <created-at type="dateTime">2019-11-11T19:49:22+11:00</created-at>
      <entry-id type="integer">44970</entry-id>
      <field2>493</field2>
    </feed>
    <feed>
      <created-at type="dateTime">2019-11-11T19:54:23+11:00</created-at>
      <entry-id type="integer">44971</entry-id>
      <field2>448</field2>
    </feed>
    <feed>
      <created-at type="dateTime">2019-11-11T19:59:25+11:00</created-at>
      <entry-id type="integer">44972</entry-id>
      <field2>404</field2>
    </feed>
    <feed>
      <created-at type="dateTime">2019-11-11T20:04:26+11:00</created-at>
      <entry-id type="integer">44973</entry-id>
      <field2>355</field2>
    </feed>
    <feed>
      <created-at type="dateTime">2019-11-11T20:09:27+11:00</created-at>
      <entry-id type="integer">44974</entry-id>
      <field2>295</field2>
    </feed>
    <feed>
      <created-at type="dateTime">2019-11-11T20:14:28+11:00</created-at>
      <entry-id type="integer">44975</entry-id>
      <field2>235</field2>
    </feed>
    <feed>
      <created-at type="dateTime">2019-11-11T20:19:29+11:00</created-at>
      <entry-id type="integer">44976</entry-id>
      <field2>141</field2>
    </feed>
    <feed>
      <created-at type="dateTime">2019-11-11T20:24:30+11:00</created-at>
      <entry-id type="integer">44977</entry-id>
      <field2>97</field2>
    </feed>
    <feed>
      <created-at type="dateTime">2019-11-11T20:29:32+11:00</created-at>
      <entry-id type="integer">44978</entry-id>
      <field2>69</field2>
    </feed>
    <feed>
      <created-at type="dateTime">2019-11-11T20:34:33+11:00</created-at>
      <entry-id type="integer">44979</entry-id>
      <field2>54</field2>
    </feed>
    <feed>
      <created-at type="dateTime">2019-11-11T20:39:34+11:00</created-at>
      <entry-id type="integer">44980</entry-id>
      <field2>46</field2>
    </feed>
    <feed>
      <created-at type="dateTime">2019-11-11T20:44:35+11:00</created-at>
      <entry-id type="integer">44981</entry-id>
      <field2>43</field2>
    </feed>
    <feed>
      <created-at type="dateTime">2019-11-11T20:49:36+11:00</created-at>
      <entry-id type="integer">44982</entry-id>
      <field2>42</field2>
    </feed>
    <feed>
      <created-at type="dateTime">2019-11-11T20:54:37+11:00</created-at>
      <entry-id type="integer">44983</entry-id>
      <field2>41</field2>
    </feed>
    <feed>
      <created-at type="dateTime">2019-11-11T20:59:38+11:00</created-at>
      <entry-id type="integer">44984</entry-id>
      <field2>41</field2>
    </feed>
    <feed>
      <created-at type="dateTime">2019-11-11T21:04:39+11:00</created-at>
      <entry-id type="integer">44985</entry-id>
      <field2>41</field2>
    </feed>
    <feed>
      <created-at type="dateTime">2019-11-11T21:09:40+11:00</created-at>
      <entry-id type="integer">44986</entry-id>
      <field2>41</field2>
    </feed>
    <feed>
      <created-at type="dateTime">2019-11-11T21:14:41+11:00</created-at>
      <entry-id type="integer">44987</entry-id>
      <field2>41</field2>
    </feed>
    <feed>
      <created-at type="dateTime">2019-11-11T21:19:42+11:00</created-at>
      <entry-id type="integer">44988</entry-id>
      <field2>41</field2>
    </feed>
    <feed>
      <created-at type="dateTime">2019-11-11T21:24:43+11:00</created-at>
      <entry-id type="integer">44989</entry-id>
      <field2>41</field2>
    </feed>
    <feed>
      <created-at type="dateTime">2019-11-11T21:29:44+11:00</created-at>
      <entry-id type="integer">44990</entry-id>
      <field2>41</field2>
    </feed>
    <feed>
      <created-at type="dateTime">2019-11-11T21:34:46+11:00</created-at>
      <entry-id type="integer">44991</entry-id>
      <field2>43</field2>
    </feed>
    <feed>
      <created-at type="dateTime">2019-11-11T21:39:46+11:00</created-at>
      <entry-id type="integer">44992</entry-id>
      <field2>44</field2>
    </feed>
    <feed>
      <created-at type="dateTime">2019-11-11T21:44:48+11:00</created-at>
      <entry-id type="integer">44993</entry-id>
      <field2>43</field2>
    </feed>
    <feed>
      <created-at type="dateTime">2019-11-11T21:49:48+11:00</created-at>
      <entry-id type="integer">44994</entry-id>
      <field2>43</field2>
    </feed>
    <feed>
      <created-at type="dateTime">2019-11-11T21:54:50+11:00</created-at>
      <entry-id type="integer">44995</entry-id>
      <field2>43</field2>
    </feed>
    <feed>
      <created-at type="dateTime">2019-11-11T21:59:51+11:00</created-at>
      <entry-id type="integer">44996</entry-id>
      <field2>43</field2>
    </feed>
    <feed>
      <created-at type="dateTime">2019-11-11T22:04:52+11:00</created-at>
      <entry-id type="integer">44997</entry-id>
      <field2>44</field2>
    </feed>
    <feed>
      <created-at type="dateTime">2019-11-11T22:09:53+11:00</created-at>
      <entry-id type="integer">44998</entry-id>
      <field2>43</field2>
    </feed>
    <feed>
      <created-at type="dateTime">2019-11-11T22:14:53+11:00</created-at>
      <entry-id type="integer">44999</entry-id>
      <field2>42</field2>
    </feed>
    <feed>
      <created-at type="dateTime">2019-11-11T22:19:54+11:00</created-at>
      <entry-id type="integer">45000</entry-id>
      <field2>42</field2>
    </feed>
    <feed>
      <created-at type="dateTime">2019-11-11T22:24:55+11:00</created-at>
      <entry-id type="integer">45001</entry-id>
      <field2>42</field2>
    </feed>
    <feed>
      <created-at type="dateTime">2019-11-11T22:29:57+11:00</created-at>
      <entry-id type="integer">45002</entry-id>
      <field2>42</field2>
    </feed>
    <feed>
      <created-at type="dateTime">2019-11-11T22:34:58+11:00</created-at>
      <entry-id type="integer">45003</entry-id>
      <field2>42</field2>
    </feed>
    <feed>
      <created-at type="dateTime">2019-11-11T22:39:58+11:00</created-at>
      <entry-id type="integer">45004</entry-id>
      <field2>43</field2>
    </feed>
    <feed>
      <created-at type="dateTime">2019-11-11T22:44:59+11:00</created-at>
      <entry-id type="integer">45005</entry-id>
      <field2>42</field2>
    </feed>
    <feed>
      <created-at type="dateTime">2019-11-11T22:50:00+11:00</created-at>
      <entry-id type="integer">45006</entry-id>
      <field2>43</field2>
    </feed>
    <feed>
      <created-at type="dateTime">2019-11-11T22:55:01+11:00</created-at>
      <entry-id type="integer">45007</entry-id>
      <field2>42</field2>
    </feed>
    <feed>
      <created-at type="dateTime">2019-11-11T23:00:02+11:00</created-at>
      <entry-id type="integer">45008</entry-id>
      <field2>42</field2>
    </feed>
    <feed>
      <created-at type="dateTime">2019-11-11T23:05:03+11:00</created-at>
      <entry-id type="integer">45009</entry-id>
      <field2>43</field2>
    </feed>
    <feed>
      <created-at type="dateTime">2019-11-11T23:10:04+11:00</created-at>
      <entry-id type="integer">45010</entry-id>
      <field2>42</field2>
    </feed>
    <feed>
      <created-at type="dateTime">2019-11-11T23:15:05+11:00</created-at>
      <entry-id type="integer">45011</entry-id>
      <field2>42</field2>
    </feed>
    <feed>
      <created-at type="dateTime">2019-11-11T23:20:06+11:00</created-at>
      <entry-id type="integer">45012</entry-id>
      <field2>42</field2>
    </feed>
    <feed>
      <created-at type="dateTime">2019-11-11T23:25:07+11:00</created-at>
      <entry-id type="integer">45013</entry-id>
      <field2>42</field2>
    </feed>
    <feed>
      <created-at type="dateTime">2019-11-11T23:30:07+11:00</created-at>
      <entry-id type="integer">45014</entry-id>
      <field2>43</field2>
    </feed>
    <feed>
      <created-at type="dateTime">2019-11-11T23:35:08+11:00</created-at>
      <entry-id type="integer">45015</entry-id>
      <field2>42</field2>
    </feed>
    <feed>
      <created-at type="dateTime">2019-11-11T23:40:09+11:00</created-at>
      <entry-id type="integer">45016</entry-id>
      <field2>43</field2>
    </feed>
    <feed>
      <created-at type="dateTime">2019-11-11T23:45:10+11:00</created-at>
      <entry-id type="integer">45017</entry-id>
      <field2>42</field2>
    </feed>
    <feed>
      <created-at type="dateTime">2019-11-11T23:50:11+11:00</created-at>
      <entry-id type="integer">45018</entry-id>
      <field2>43</field2>
    </feed>
    <feed>
      <created-at type="dateTime">2019-11-11T23:55:12+11:00</created-at>
      <entry-id type="integer">45019</entry-id>
      <field2>43</field2>
    </feed>
  </feeds>
</channel>